69, 76, 370
32, 58, 89
82, 196, 324
7, 69, 202
70, 230, 367
79, 150, 271
198, 244, 266
74, 278, 292
26, 133, 286
286, 315, 406
18, 57, 253
64, 277, 293
36, 123, 374
35, 53, 54
254, 266, 389
129, 221, 356
207, 208, 248
155, 342, 386
30, 47, 351
78, 178, 275
86, 192, 286
178, 249, 274
171, 219, 348
75, 204, 262
182, 308, 368
103, 308, 314
4, 330, 401
285, 286, 395
312, 338, 347
65, 91, 214
22, 121, 374
185, 262, 391
240, 280, 321
64, 124, 402
59, 239, 412
66, 161, 272
130, 138, 307
174, 224, 425
136, 324, 394
151, 293, 384
81, 136, 311
74, 388, 416
212, 332, 333
64, 84, 388
169, 322, 375
153, 257, 334
328, 420, 428
68, 148, 268
51, 243, 310
311, 378, 394
44, 173, 240
143, 150, 227
390, 391, 402
35, 291, 301
10, 50, 119
35, 55, 59
19, 23, 129
121, 242, 306
19, 204, 404
213, 267, 298
21, 177, 413
101, 272, 337
71, 148, 376
23, 333, 374
44, 188, 399
251, 282, 299
88, 139, 385
80, 120, 140
26, 277, 361
44, 355, 362
0, 26, 102
117, 174, 175
191, 249, 370
102, 222, 407
53, 112, 355
2, 152, 182
51, 155, 333
186, 313, 329
81, 99, 316
29, 223, 277
126, 180, 312
42, 232, 353
225, 290, 378
219, 311, 425
68, 207, 307
128, 253, 397
60, 328, 359
161, 350, 352
7, 79, 158
119, 170, 284
326, 329, 364
85, 179, 340
5, 59, 163
7, 119, 279
141, 148, 307
169, 259, 280
223, 341, 366
40, 108, 300
124, 370, 388
171, 293, 402
108, 313, 377
5, 168, 229
22, 70, 100
97, 284, 391
104, 106, 294
36, 52, 70
82, 136, 191
26, 46, 105
71, 119, 203
48, 264, 391
37, 67, 310
262, 330, 390
107, 235, 403
123, 246, 376
115, 325, 393
132, 302, 311
18, 54, 427
172, 273, 339
245, 272, 283
14, 28, 88
98, 197, 298
24, 59, 78
71, 355, 401
24, 157, 186
233, 287, 337
143, 347, 351
257, 267, 326
244, 341, 393
200, 323, 329
30, 32, 163
203, 267, 381
92, 166, 278
119, 332, 425
120, 127, 240
27, 240, 344
89, 304, 313
73, 393, 398
261, 372, 393
85, 233, 374
74, 380, 425
97, 118, 362
88, 132, 376
53, 184, 210
83, 199, 362
9, 239, 378
31, 346, 417
78, 277, 333
65, 160, 176
48, 292, 302
296, 387, 404
187, 234, 281
26, 36, 269
153, 199, 399
62, 224, 352
181, 189, 216
106, 209, 348
175, 255, 390
1, 88, 218
224, 386, 424
110, 254, 307
290, 360, 426
62, 135, 187
53, 198, 347
76, 119, 303
242, 313, 317
171, 237, 356
160, 181, 350
81, 273, 296
186, 221, 275
100, 256, 312
45, 286, 408
64, 188, 341
14, 202, 212
214, 223, 385
218, 325, 409
6, 254, 312
195, 199, 215
200, 210, 406
152, 276, 389
31, 365, 388
187, 226, 396
173, 301, 342
268, 277, 367
233, 257, 351
243, 395, 408
116, 180, 346
32, 169, 422
189, 223, 312
96, 300, 423
193, 308, 427
15, 281, 304
93, 104, 284
37, 317, 402
156, 163, 213
58, 165, 421
39, 234, 330
95, 98, 195
13, 150, 356
180, 187, 333
69, 172, 281
9, 159, 359
35, 86, 389
12, 128, 210
32, 66, 405
269, 279, 346
150, 187, 249
20, 221, 309
299, 318, 363
95, 139, 161
131, 247, 294
187, 248, 277
181, 235, 322
51, 212, 381
152, 400, 422
153, 323, 378
111, 228, 315
248, 265, 379
296, 310, 397
14, 33, 424
59, 96, 373
112, 269, 417
41, 167, 209
45, 203, 315
72, 256, 298
156, 163, 227
343, 386, 404
55, 61, 405
178, 180, 400
62, 79, 306
1, 128, 151
35, 37, 179
160, 272, 392
94, 211, 410
90, 137, 197
165, 240, 304
324, 392, 424
4, 118, 185
14, 144, 161
36, 144, 361
275, 362, 394
92, 141, 356
161, 183, 299
68, 196, 334
21, 68, 315
213, 223, 242
215, 288, 322
235, 340, 405
46, 276, 426
5, 57, 132
122, 376, 409
34, 58, 240
366, 395, 407
222, 263, 282
110, 287, 411
175, 221, 353
19, 230, 277
123, 326, 405
24, 214, 414
5, 46, 309
51, 53, 285
232, 283, 313
3, 16, 261
55, 172, 376
19, 290, 303
121, 330, 338
235, 270, 380
28, 57, 99
197, 237, 426
68, 190, 298
126, 179, 294
60, 87, 272
69, 93, 353
58, 317, 381
258, 280, 366
30, 126, 272
84, 108, 115
5, 30, 72
209, 238, 296
106, 121, 270
17, 182, 271
208, 348, 349
183, 202, 252
222, 235, 361
19, 168, 251
239, 323, 371
93, 203, 425
3, 133, 135
132, 147, 180
55, 332, 343
179, 259, 331
199, 373, 379
50, 109, 381
251, 304, 340
299, 365, 387
165, 318, 358
32, 41, 44
322, 393, 417
102, 109, 161
62, 270, 335
162, 167, 370
161, 183, 315
66, 282, 316
38, 112, 323
7, 117, 250
63, 85, 322
166, 337, 359
2, 342, 406
147, 296, 297
209, 267, 324
181, 193, 280
180, 371, 379
324, 340, 391
244, 400, 406
163, 274, 398
71, 275, 404
102, 107, 418
146, 147, 319
45, 46, 328
103, 156, 391
51, 211, 215
241, 384, 414
91, 138, 319
57, 249, 380
302, 385, 407
189, 354, 398
199, 359, 383
47, 52, 207
6, 255, 278
132, 156, 211
237, 367, 373
93, 245, 339
74, 206, 305
10, 47, 223
58, 65, 98
108, 315, 333
10, 244, 423
293, 294, 332
28, 91, 147
148, 239, 257
47, 55, 77
194, 247, 249
68, 422, 427
193, 233, 377
92, 221, 271
32, 97, 356
106, 177, 288
235, 268, 411
259, 264, 276
182, 204, 395
95, 133, 317
203, 342, 397
112, 114, 283
7, 73, 232
179, 220, 327
73, 362, 369
2, 190, 329
76, 186, 223
1, 136, 392
7, 144, 361
10, 119, 312
18, 109, 125
346, 358, 375
72, 127, 291
13, 284, 374
94, 366, 410
8, 135, 349
136, 187, 380
226, 237, 278
13, 37, 102
33, 71, 127
32, 142, 198
2, 39, 106
138, 230, 424
55, 248, 400
103, 298, 309
141, 268, 313
59, 237, 296
69, 151, 409
22, 389, 425
7, 155, 421
87, 155, 275
69, 212, 320
175, 289, 323
0, 2, 34
147, 196, 366
43, 186, 215
23, 124, 255
65, 289, 352
241, 330, 418
39, 149, 256
204, 256, 378
20, 59, 347
75, 148, 302
156, 209, 263
62, 72, 266
131, 231, 256
31, 116, 375
207, 245, 248
129, 249, 400
190, 280, 427
38, 189, 234
320, 413, 422
159, 291, 376
66, 127, 204
80, 147, 263
8, 191, 341
134, 150, 300
17, 172, 227
71, 234, 403
181, 339, 410
151, 385, 397
122, 221, 282
98, 157, 358
47, 326, 367
116, 240, 376
24, 275, 365
50, 202, 272
77, 113, 397
158, 264, 371
133, 270, 362
33, 111, 326
123, 157, 358
30, 86, 183
94, 397, 405
301, 372, 412
159, 298, 343
147, 320, 342
210, 293, 364
52, 157, 228
13, 77, 293
294, 298, 313
136, 273, 356
271, 386, 416
126, 141, 244
44, 339, 371
254, 262, 427
13, 62, 143
27, 69, 289
168, 229, 394
42, 222, 226
55, 61, 179
278, 294, 390
143, 150, 178
75, 217, 390
79, 169, 266
0, 136, 175
180, 217, 225
73, 234, 325
4, 88, 353
38, 98, 287
150, 152, 395
42, 95, 246
110, 190, 379
169, 181, 404
276, 368, 427
12, 390, 414
83, 86, 246
92, 157, 262
43, 265, 373
124, 156, 404
279, 309, 356
191, 242, 352
64, 163, 248
85, 122, 322
36, 332, 369
52, 202, 413
207, 219, 382
113, 140, 378
112, 361, 374
39, 62, 195
199, 308, 347
54, 408, 427
127, 146, 168
115, 215, 400
217, 235, 420
73, 137, 202
38, 220, 262
58, 196, 273
113, 163, 294
146, 295, 333
162, 309, 325
81, 220, 421
127, 348, 354
103, 155, 210
4, 63, 195
302, 378, 422
209, 245, 330
224, 318, 335
241, 316, 361
50, 316, 395
35, 379, 421
23, 38, 172
76, 137, 296
124, 144, 239
98, 366, 406
144, 350, 372
198, 230, 242
118, 165, 243
174, 379, 421
18, 301, 385
71, 384, 426
213, 361, 396
110, 243, 395
29, 128, 191
27, 81, 352
40, 45, 131
96, 194, 207
20, 149, 362
159, 244, 291
105, 193, 343
317, 359, 425
168, 179, 243
233, 234, 373
23, 130, 305
17, 238, 269
287, 394, 414
120, 176, 337
209, 314, 315
38, 168, 306
18, 126, 366
60, 86, 126
48, 50, 399
121, 324, 339
65, 270, 321
242, 384, 390
10, 207, 211
73, 116, 426
113, 134, 169
53, 214, 282
9, 46, 252
121, 218, 403
6, 58, 128
14, 158, 211
310, 407, 421
26, 139, 382
226, 300, 419
20, 36, 312
47, 110, 301
188, 263, 289
225, 247, 258
188, 244, 322
154, 236, 412
331, 341, 363
79, 200, 251
24, 203, 330
140, 358, 364
73, 139, 279
14, 86, 406
138, 186, 402
42, 151, 191
326, 401, 414
105, 331, 375
131, 284, 417
162, 172, 404
48, 88, 373
94, 309, 394
20, 31, 112
113, 291, 303
36, 295, 301
152, 156, 193
265, 266, 418
2, 250, 288
37, 104, 422
76, 237, 321
227, 306, 336
70, 278, 310
12, 342, 349
224, 307, 352
371, 398, 411
263, 394, 426
72, 320, 387
198, 247, 250
34, 67, 380
137, 377, 406
3, 165, 401
213, 236, 396
24, 178, 276
268, 396, 420
25, 67, 254
101, 273, 281
130, 148, 407
14, 57, 200
20, 78, 255
66, 75, 190
215, 304, 307
192, 232, 247
121, 237, 337
141, 391, 415
10, 38, 305
336, 377, 401
92, 127, 247
108, 174, 368
6, 114, 266
174, 248, 249
116, 371, 412
22, 142, 219
30, 122, 389
96, 169, 233
192, 258, 308
166, 167, 184
42, 193, 339
3, 185, 299
317, 386, 423
98, 106, 256
225, 232, 243
44, 86, 247
124, 202, 204
116, 257, 323
25, 107, 190
74, 290, 367
112, 245, 290
101, 141, 300
89, 216, 276
53, 54, 90
37, 82, 230
15, 20, 408
93, 215, 265
101, 117, 137
83, 200, 311
34, 123, 214
160, 242, 266
192, 338, 348
19, 173, 267
18, 175, 372
214, 343, 355
64, 232, 337
89, 128, 424
35, 230, 323
154, 170, 367
16, 28, 363
210, 218, 320
31, 42, 286
95, 97, 117
224, 308, 334
18, 131, 350
66, 275, 278
97, 199, 270
142, 280, 345
130, 159, 306
256, 309, 380
96, 241, 336
231, 348, 412
228, 303, 398
29, 271, 377
33, 234, 302
192, 210, 232
23, 269, 386
229, 258, 402
67, 102, 415
74, 146, 251
311, 354, 412
8, 405, 417
126, 286, 346
320, 384, 387
261, 290, 321
17, 21, 87
269, 332, 426
40, 175, 335
33, 382, 418
302, 352, 418
83, 267, 317
89, 185, 409
331, 374, 410
154, 190, 287
345, 347, 402
230, 269, 363
101, 280, 300
68, 276, 281
130, 396, 414
54, 99, 400
122, 142, 290
173, 252, 336
118, 144, 375
101, 123, 172
5, 398, 410
145, 155, 301
61, 173, 185
111, 129, 241
102, 295, 422
90, 99, 258
80, 97, 122
72, 113, 153
34, 103, 267
46, 118, 297
133, 203, 377
287, 307, 386
4, 213, 377
44, 285, 369
160, 257, 282
75, 348, 423
140, 143, 229
28, 29, 74
39, 135, 289
146, 194, 281
45, 245, 380
12, 339, 368
31, 96, 189
80, 347, 396
145, 185, 379
50, 144, 370
70, 319, 412
80, 292, 303
75, 259, 424
129, 145, 321
6, 29, 197
12, 111, 225
176, 419, 423
111, 123, 419
219, 321, 413
224, 226, 246
131, 316, 420
21, 204, 332
81, 241, 328
115, 342, 383
9, 189, 216
5, 82, 243
116, 353, 358
133, 225, 250
88, 303, 346
48, 143, 304
99, 114, 135
85, 128, 428
30, 167, 196
11, 166, 228
145, 188, 360
97, 316, 388
182, 229, 306
236, 273, 397
42, 115, 129
43, 138, 177
138, 321, 355
28, 158, 335
72, 92, 125
241, 340, 387
85, 90, 295
142, 177, 183
159, 206, 314
251, 288, 363
10, 64, 176
49, 200, 343
89, 251, 367
83, 182, 381
146, 218, 389
0, 341, 354
250, 341, 353
100, 191, 421
24, 29, 363
65, 66, 328
174, 254, 375
168, 192, 217
17, 299, 340
120, 165, 357
308, 343, 349
49, 221, 364
13, 39, 320
13, 49, 192
70, 91, 300
77, 206, 262
303, 354, 399
131, 306, 365
273, 363, 383
23, 233, 414
43, 189, 423
83, 399, 428
134, 258, 345
37, 95, 151
101, 122, 255
40, 92, 399
78, 188, 264
200, 216, 353
21, 100, 382
57, 159, 344
137, 260, 410
3, 208, 250
54, 383, 418
0, 4, 52
45, 259, 299
70, 196, 418
8, 49, 396
83, 84, 94
50, 403, 423
354, 357, 368
49, 118, 158
34, 54, 154
166, 281, 340
43, 398, 403
132, 226, 372
47, 193, 417
80, 84, 211
218, 246, 291
17, 78, 227
1, 27, 105
19, 107, 132
100, 255, 369
95, 165, 231
31, 46, 87
22, 139, 186
143, 214, 417
105, 219, 270
52, 57, 260
117, 274, 326
140, 154, 405
28, 283, 420
77, 252, 264
29, 39, 385
164, 263, 350
40, 255, 383
22, 195, 310
90, 137, 238
162, 174, 268
105, 133, 319
167, 274, 324
60, 79, 351
85, 311, 338
80, 254, 389
49, 173, 288
135, 177, 282
27, 148, 392
259, 360, 381
151, 178, 289
158, 245, 274
212, 349, 409
67, 149, 420
61, 124, 160
60, 138, 388
110, 170, 176
149, 292, 419
154, 231, 419
167, 201, 325
81, 178, 263
142, 327, 337
15, 117, 334
170, 318, 334
17, 167, 205
2, 236, 335
52, 140, 212
141, 153, 250
22, 103, 288
134, 170, 375
135, 173, 231
93, 115, 185
118, 259, 316
34, 105, 106
40, 338, 351
78, 166, 327
8, 155, 416
149, 310, 349
228, 285, 381
27, 319, 364
11, 171, 181
218, 293, 424
142, 365, 369
107, 216, 257
93, 253, 357
154, 157, 370
213, 225, 399
67, 104, 401
114, 152, 274
65, 211, 212
125, 177, 227
125, 279, 407
258, 319, 364
60, 152, 335
335, 355, 364
157, 222, 318
226, 228, 387
79, 182, 274
84, 252, 334
236, 305, 329
1, 134, 369
8, 365, 383
164, 268, 416
115, 327, 372
91, 327, 387
45, 345, 358
99, 198, 288
134, 291, 373
198, 345, 401
100, 319, 413
9, 61, 360
109, 383, 413
12, 94, 385
25, 91, 231
41, 371, 382
26, 104, 183
177, 227, 305
89, 96, 125
108, 195, 285
9, 183, 368
162, 171, 413
222, 392, 419
108, 109, 271
82, 220, 289
67, 265, 382
21, 100, 231
4, 246, 283
51, 61, 428
171, 222, 279
261, 349, 408
117, 130, 164
107, 236, 408
238, 261, 283
1, 130, 415
129, 194, 261
120, 329, 409
197, 228, 344
61, 162, 369
12, 217, 403
164, 260, 318
236, 279, 325
63, 264, 368
164, 336, 351
3, 229, 338
107, 216, 260
48, 176, 357
109, 271, 351
160, 196, 416
261, 287, 325
49, 140, 146
8, 87, 415
84, 292, 355
246, 253, 284
27, 48, 91
252, 354, 372
94, 114, 134
16, 195, 285
84, 166, 388
292, 305, 384
260, 314, 350
21, 63, 77
113, 120, 304
162, 238, 382
3, 90, 408
125, 305, 329
110, 153, 176
111, 188, 265
15, 33, 285
51, 125, 411
0, 63, 217
56, 184, 253
252, 345, 415
153, 370, 415
164, 205, 359
11, 103, 170
77, 109, 327
99, 416, 428
11, 60, 265
0, 41, 208
87, 120, 295
111, 139, 292
197, 334, 345
40, 220, 415
145, 283, 420
25, 384, 403
114, 350, 392
365, 393, 411
184, 264, 314
90, 201, 344
63, 336, 428
43, 158, 297
75, 87, 239
56, 314, 411
41, 208, 338
76, 205, 238
139, 170, 197
164, 220, 229
63, 328, 393
149, 194, 407
184, 216, 260
201, 295, 318
217, 284, 357
56, 336, 411
11, 76, 331
16, 208, 331
15, 16, 295
6, 33, 346
6, 145, 205
56, 331, 357
56, 114, 416
1, 327, 410
56, 201, 253
25, 194, 220
41, 219, 359
11, 184, 357
145, 208, 328
82, 260, 344
25, 201, 253
15, 201, 206
15, 194, 314
56, 360, 419
41, 104, 297
82, 238, 392
9, 25, 206
239, 297, 360
11, 43, 171
201, 205, 344
149, 184, 205
344, 360, 428
16, 205, 206
104, 206, 297
16, 297, 409
